x,y,rl,crosectional_distance,Khal_Name
734584.3103,2459391,2.28,0,10NoSora
734667.2581,2459388.774,2.26,3,10NoSora
734666.6774,2459388.032,2.08,4,10NoSora
734666.0968,2459387.29,1.42,5,10NoSora
734665.5161,2459386.548,0.73,6,10NoSora
734664.9355,2459385.806,0.03,7,10NoSora
734664.3548,2459385.065,-0.05,8,10NoSora
734663.7742,2459384.323,-0.23,9,10NoSora
734663.1935,2459383.581,-0.24,10,10NoSora
734662.6129,2459382.839,-0.39,11,10NoSora
734662.0323,2459382.097,-0.43,12,10NoSora
734661.4516,2459381.355,-0.49,13,10NoSora
734660.871,2459380.613,-0.26,14,10NoSora
734660.2903,2459379.871,-0.24,15,10NoSora
734659.7097,2459379.129,-0.22,16,10NoSora
734659.129,2459378.387,-0.22,17,10NoSora
734658.5484,2459377.645,-0.23,18,10NoSora
734657.9677,2459376.903,-0.23,19,10NoSora
734657.3871,2459376.161,-0.2,20,10NoSora
734656.8065,2459375.419,-0.17,21,10NoSora
734656.2258,2459374.677,-0.17,22,10NoSora
734655.6452,2459373.935,-0.13,23,10NoSora
734655.0645,2459373.194,-0.04,24,10NoSora
734654.4839,2459372.452,-0.07,25,10NoSora
734653.9032,2459371.71,-0.13,26,10NoSora
734653.3226,2459370.968,-0.13,27,10NoSora
734652.7419,2459370.226,-0.02,28,10NoSora
734652.1613,2459369.484,0.25,29,10NoSora
734651.5806,2459368.742,0.73,30,10NoSora
734651,2459368,1.61,31,10NoSora
734649.8387,2459366.516,1.6,33,10NoSora
734648.0968,2459364.29,1.07,36,10NoSora
734644.6129,2459359.839,1.06,42,10NoSora
734561.1379,2459406.483,1.77,42,10NoSora
734583.2069,2459443.724,1.76,2,10NoSora
734582.1034,2459441.862,2.52,4,10NoSora
734581,2459440,2.52,6,10NoSora
734580.4483,2459439.069,2.45,7,10NoSora
734579.3448,2459437.207,0.73,9,10NoSora
734578.2414,2459435.345,0.24,11,10NoSora
734577.6897,2459434.414,-0.27,12,10NoSora
734577.1379,2459433.483,-0.76,13,10NoSora
734576.5862,2459432.552,-0.68,14,10NoSora
734576.0345,2459431.621,-0.47,15,10NoSora
734575.4828,2459430.69,-0.45,16,10NoSora
734574.931,2459429.759,-0.46,17,10NoSora
734574.3793,2459428.828,-0.46,18,10NoSora
734573.8276,2459427.897,-0.46,19,10NoSora
734573.2759,2459426.966,-0.46,20,10NoSora
734572.7241,2459426.034,-0.46,21,10NoSora
734572.1724,2459425.103,-0.56,22,10NoSora
734571.6207,2459424.172,-0.43,23,10NoSora
734571.069,2459423.241,-0.43,24,10NoSora
734570.5172,2459422.31,-0.45,25,10NoSora
734569.9655,2459421.379,-0.42,26,10NoSora
734569.4138,2459420.448,-0.37,27,10NoSora
734568.8621,2459419.517,-0.3,28,10NoSora
734568.3103,2459418.586,-0.18,29,10NoSora
734567.7586,2459417.655,-0.11,30,10NoSora
734567.2069,2459416.724,0.05,31,10NoSora
734566.6552,2459415.793,0.28,32,10NoSora
734566.1034,2459414.862,0.42,33,10NoSora
734565.5517,2459413.931,0.73,34,10NoSora
734565,2459413,2.13,35,10NoSora
734563.8966,2459411.138,2.11,37,10NoSora
734563.3448,2459410.207,1.97,38,10NoSora
734562.2414,2459408.345,1.96,40,10NoSora
734561.1379,2459406.483,1.15,42,10NoSora
734483,2459478,2.32,0,10NoSora
734481.5,2459475,2.32,3,10NoSora
734481,2459474,2.05,4,10NoSora
734480.25,2459472.5,0.73,5.5,10NoSora
734480,2459472,0.17,6,10NoSora
734479.5,2459471,-0.46,7,10NoSora
734479,2459470,-0.47,8,10NoSora
734478.5,2459469,-0.54,9,10NoSora
734478,2459468,-0.59,10,10NoSora
734477.5,2459467,-0.48,11,10NoSora
734477,2459466,-0.41,12,10NoSora
734476.5,2459465,-0.41,13,10NoSora
734476,2459464,-0.46,14,10NoSora
734475.5,2459463,-0.55,15,10NoSora
734475,2459462,-0.37,16,10NoSora
734474.5,2459461,-0.37,17,10NoSora
734474,2459460,-0.35,18,10NoSora
734473.5,2459459,-0.3,19,10NoSora
734473,2459458,-0.27,20,10NoSora
734472.5,2459457,-0.43,21,10NoSora
734472,2459456,-0.36,22,10NoSora
734471.5,2459455,-0.36,23,10NoSora
734471,2459454,-0.12,24,10NoSora
734470.5,2459453,0.73,25,10NoSora
734470,2459452,1.91,26,10NoSora
734468.5,2459449,1.92,29,10NoSora
734395.6667,2459523.222,0.42,0,10NoSora
734393,2459514.333,0.43,8,10NoSora
734392.6667,2459513.222,1.24,9,10NoSora
734392,2459511,1.23,11,10NoSora
734391.8333,2459510.444,0.73,11.5,10NoSora
734391.6667,2459509.889,0.25,12,10NoSora
734391.3333,2459508.778,0.01,13,10NoSora
734391,2459507.667,-0.3,14,10NoSora
734390.6667,2459506.556,-0.46,15,10NoSora
734390.3333,2459505.444,-0.77,16,10NoSora
734390,2459504.333,-0.87,17,10NoSora
734389.6667,2459503.222,-0.78,18,10NoSora
734389.3333,2459502.111,-0.59,19,10NoSora
734389,2459501,-0.43,20,10NoSora
734388.6667,2459499.889,-0.44,21,10NoSora
734388.3333,2459498.778,-0.44,22,10NoSora
734388,2459497.667,-0.44,23,10NoSora
734387.6667,2459496.556,-0.47,24,10NoSora
734387.3333,2459495.444,-0.38,25,10NoSora
734387,2459494.333,-0.41,26,10NoSora
734386.6667,2459493.222,-0.38,27,10NoSora
734386.3333,2459492.111,-0.37,28,10NoSora
734386,2459491,-0.39,29,10NoSora
734385.6667,2459489.889,-0.54,30,10NoSora
734385.3333,2459488.778,-0.66,31,10NoSora
734385,2459487.667,-0.73,32,10NoSora
734384.6667,2459486.556,-0.8,33,10NoSora
734384.3333,2459485.444,-0.64,34,10NoSora
734384,2459484.333,-0.48,35,10NoSora
734383.6667,2459483.222,-0.07,36,10NoSora
734383.3333,2459482.111,0.73,37,10NoSora
734383,2459481,1.47,38,10NoSora
734382.3333,2459478.778,1.49,40,10NoSora
734381.6667,2459476.556,1.28,42,10NoSora
734379.6667,2459469.889,1.29,48,10NoSora
734303.3846,2459552.615,1.64,0,10NoSora
734300.6923,2459547.808,1.62,5,10NoSora
734298,2459543,1.59,10,10NoSora
734297.4615,2459542.038,0.73,11,10NoSora
734296.9231,2459541.077,0.46,12,10NoSora
734296.3846,2459540.115,0.18,13,10NoSora
734295.8462,2459539.154,0.13,14,10NoSora
734295.3077,2459538.192,0.18,15,10NoSora
734294.7692,2459537.231,0.19,16,10NoSora
734294.2308,2459536.269,0.26,17,10NoSora
734293.6923,2459535.308,0.73,18,10NoSora
734293.1538,2459534.346,1.67,19,10NoSora
734292.6154,2459533.385,1.66,20,10NoSora
734292.0769,2459532.423,1.16,21,10NoSora
734291.5385,2459531.462,0.02,22,10NoSora
734290.4615,2459529.538,-0.06,24,10NoSora
734289.3846,2459527.615,-0.5,26,10NoSora
734288.3077,2459525.692,-0.51,28,10NoSora
734287.2308,2459523.769,-0.47,30,10NoSora
734286.1538,2459521.846,-0.22,32,10NoSora
734285.0769,2459519.923,0.39,34,10NoSora
734284,2459518,2.16,36,10NoSora
734282.3846,2459515.115,2.14,39,10NoSora
734202.5652,2459576.13,1.55,0,10NoSora
734201.0435,2459573.087,1.55,5,10NoSora
734199.5217,2459570.043,1.5,10,10NoSora
734198,2459567,1.58,15,10NoSora
734197.6957,2459566.391,0.73,16,10NoSora
734197.3913,2459565.783,0.52,17,10NoSora
734197.087,2459565.174,0.31,18,10NoSora
734196.7826,2459564.565,0.13,19,10NoSora
734196.4783,2459563.957,0.1,20,10NoSora
734196.1739,2459563.348,0.43,21,10NoSora
734196.0217,2459563.043,0.73,21.5,10NoSora
734195.8696,2459562.739,1.32,22,10NoSora
734195.7174,2459562.435,1.3,22.5,10NoSora
734195.5652,2459562.13,0.73,23,10NoSora
734195.2609,2459561.522,0.31,24,10NoSora
734194.9565,2459560.913,-0.09,25,10NoSora
734194.6522,2459560.304,-0.28,26,10NoSora
734194.0435,2459559.087,-0.28,28,10NoSora
734193.4348,2459557.87,-0.22,30,10NoSora
734192.8261,2459556.652,-0.17,32,10NoSora
734192.2174,2459555.435,0.01,34,10NoSora
734191.6087,2459554.217,0.23,36,10NoSora
734191.3043,2459553.609,0.73,37,10NoSora
734191,2459553,1.62,38,10NoSora
734190.087,2459551.174,1.6,41,10NoSora
734113.5,2459613.5,1.84,0,10NoSora
734108.5,2459608.5,1.83,10,10NoSora
734106,2459606,1.82,15,10NoSora
734105.5,2459605.5,0.73,16,10NoSora
734105,2459605,0.13,17,10NoSora
734104.5,2459604.5,-0.07,18,10NoSora
734104,2459604,-0.07,19,10NoSora
734103.5,2459603.5,-0.09,20,10NoSora
734103,2459603,-0.12,21,10NoSora
734102.5,2459602.5,-0.14,22,10NoSora
734102,2459602,-0.17,23,10NoSora
734101.5,2459601.5,-0.21,24,10NoSora
734101,2459601,-0.22,25,10NoSora
734100.5,2459600.5,-0.18,26,10NoSora
734100,2459600,-0.17,27,10NoSora
734099.5,2459599.5,-0.17,28,10NoSora
734099,2459599,-0.15,29,10NoSora
734098.5,2459598.5,-0.12,30,10NoSora
734098,2459598,0.01,31,10NoSora
734097.5,2459597.5,0.13,32,10NoSora
734097,2459597,0.18,33,10NoSora
734096.5,2459596.5,0.73,34,10NoSora
734096,2459596,1.84,35,10NoSora
734094.5,2459594.5,1.83,38,10NoSora
734093.5,2459593.5,1.65,40,10NoSora
734091,2459591,1.64,45,10NoSora
734020.2941,2459643.294,1.4,0,10NoSora
734019.6471,2459642.647,1.39,1,10NoSora
734019,2459642,1.42,2,10NoSora
734018.3529,2459641.353,0.73,3,10NoSora
734017.7059,2459640.706,0.08,4,10NoSora
734017.0588,2459640.059,-0.17,5,10NoSora
734016.4118,2459639.412,-0.12,6,10NoSora
734015.7647,2459638.765,0.03,7,10NoSora
734015.1176,2459638.118,0.31,8,10NoSora
734014.4706,2459637.471,0.41,9,10NoSora
734013.8235,2459636.824,0.28,10,10NoSora
734013.1765,2459636.176,0.03,11,10NoSora
734012.5294,2459635.529,-0.1,12,10NoSora
734011.8824,2459634.882,-0.07,13,10NoSora
734011.2353,2459634.235,-0.02,14,10NoSora
734010.5882,2459633.588,0.05,15,10NoSora
734009.9412,2459632.941,0.22,16,10NoSora
734009.2941,2459632.294,0.36,17,10NoSora
734008.6471,2459631.647,0.73,18,10NoSora
734008,2459631,1.51,19,10NoSora
734006.7059,2459629.706,1.52,21,10NoSora
734004.7647,2459627.765,1.62,24,10NoSora
734000.8824,2459623.882,1.64,30,10NoSora
733946.1818,2459709.182,1.37,0,10NoSora
733942.3182,2459705.318,1.38,5,10NoSora
733940,2459703,1.39,8,10NoSora
733939.2273,2459702.227,0.73,9,10NoSora
733938.4545,2459701.455,0.23,10,10NoSora
733937.6818,2459700.682,0.18,11,10NoSora
733936.9091,2459699.909,-0.04,12,10NoSora
733936.1364,2459699.136,-0.07,13,10NoSora
733935.3636,2459698.364,-0.12,14,10NoSora
733934.5909,2459697.591,-0.17,15,10NoSora
733933.8182,2459696.818,-0.19,16,10NoSora
733933.0455,2459696.045,-0.2,17,10NoSora
733932.2727,2459695.273,-0.19,18,10NoSora
733931.5,2459694.5,-0.17,19,10NoSora
733930.7273,2459693.727,-0.17,20,10NoSora
733929.9545,2459692.955,-0.2,21,10NoSora
733929.1818,2459692.182,-0.17,22,10NoSora
733928.4091,2459691.409,-0.24,23,10NoSora
733927.6364,2459690.636,-0.12,24,10NoSora
733926.8636,2459689.864,-0.06,25,10NoSora
733926.0909,2459689.091,-0.01,26,10NoSora
733925.3182,2459688.318,0.1,27,10NoSora
733924.5455,2459687.545,0.23,28,10NoSora
733923.7727,2459686.773,0.73,29,10NoSora
733923,2459686,1.35,30,10NoSora
733921.4545,2459684.455,1.36,32,10NoSora
733919.9091,2459682.909,0.47,34,10NoSora
733915.2727,2459678.273,0.48,40,10NoSora
733883.8333,2459776.333,1.09,0,10NoSora
733874.6667,2459769.667,1.07,10,10NoSora
733872.8333,2459768.333,1.61,12,10NoSora
733871,2459767,1.57,14,10NoSora
733870.0833,2459766.333,0.73,15,10NoSora
733869.1667,2459765.667,0.08,16,10NoSora
733868.25,2459765,0,17,10NoSora
733867.3333,2459764.333,-0.08,18,10NoSora
733866.4167,2459763.667,-0.11,19,10NoSora
733865.5,2459763,-0.08,20,10NoSora
733864.5833,2459762.333,-0.03,21,10NoSora
733863.6667,2459761.667,0.06,22,10NoSora
733862.75,2459761,0.18,23,10NoSora
733861.8333,2459760.333,0.39,24,10NoSora
733860.9167,2459759.667,0.73,25,10NoSora
733860,2459759,1.52,26,10NoSora
733858.1667,2459757.667,1.51,28,10NoSora
733856.3333,2459756.333,0.87,30,10NoSora
733853.5833,2459754.333,0.62,33,10NoSora
733850.8333,2459752.333,0.61,36,10NoSora
733847.1667,2459749.667,0.75,40,10NoSora
733802.1765,2459842.353,1.03,0,10NoSora
733799.5294,2459840.059,1.01,3,10NoSora
733796.8824,2459837.765,1.03,6,10NoSora
733796,2459837,1.03,7,10NoSora
733795.1176,2459836.235,0.73,8,10NoSora
733794.2353,2459835.471,-0.02,9,10NoSora
733793.3529,2459834.706,-0.18,10,10NoSora
733792.4706,2459833.941,-0.27,11,10NoSora
733791.5882,2459833.176,-0.45,12,10NoSora
733790.7059,2459832.412,-0.45,13,10NoSora
733789.8235,2459831.647,-0.41,14,10NoSora
733788.9412,2459830.882,-0.4,15,10NoSora
733788.0588,2459830.118,-0.37,16,10NoSora
733787.1765,2459829.353,-0.34,17,10NoSora
733786.2941,2459828.588,-0.33,18,10NoSora
733785.4118,2459827.824,-0.23,19,10NoSora
733784.5294,2459827.059,-0.07,20,10NoSora
733783.6471,2459826.294,-0.04,21,10NoSora
733782.7647,2459825.529,-0.07,22,10NoSora
733781.8824,2459824.765,0.73,23,10NoSora
733781,2459824,1.73,24,10NoSora
733779.2353,2459822.471,1.77,26,10NoSora
733775.7059,2459819.412,1.55,30,10NoSora
733773.9412,2459817.882,1.57,32,10NoSora
733732.5,2459908,0.86,0,10NoSora
733723.75,2459901.333,0.87,10,10NoSora
733722.875,2459900.667,1.54,11,10NoSora
733722,2459900,1.53,12,10NoSora
733721.125,2459899.333,0.73,13,10NoSora
733720.25,2459898.667,0.24,14,10NoSora
733719.375,2459898,0.23,15,10NoSora
733718.5,2459897.333,0.19,16,10NoSora
733717.625,2459896.667,0.19,17,10NoSora
733716.75,2459896,0.13,18,10NoSora
733715.875,2459895.333,0.13,19,10NoSora
733715,2459894.667,0.13,20,10NoSora
733714.125,2459894,-0.02,21,10NoSora
733713.25,2459893.333,0.09,22,10NoSora
733712.375,2459892.667,0.06,23,10NoSora
733711.5,2459892,0.05,24,10NoSora
733710.625,2459891.333,0.12,25,10NoSora
733709.75,2459890.667,0.13,26,10NoSora
733708.875,2459890,0.17,27,10NoSora
733708,2459889.333,0.19,28,10NoSora
733707.125,2459888.667,0.18,29,10NoSora
733706.25,2459888,0.24,30,10NoSora
733705.375,2459887.333,0.27,31,10NoSora
733704.5,2459886.667,0.3,32,10NoSora
733703.625,2459886,0.27,33,10NoSora
733702.75,2459885.333,0.36,34,10NoSora
733701.875,2459884.667,0.73,35,10NoSora
733701,2459884,2.31,36,10NoSora
733699.25,2459882.667,2.31,38,10NoSora
733696.625,2459880.667,1.68,41,10NoSora
733694.875,2459879.333,1.66,43,10NoSora
733693.125,2459878,1.08,45,10NoSora
733690.5,2459876,0.86,48,10NoSora
733702,2459957.211,0.87,0,10NoSora
733692,2459960.368,0.9,10,10NoSora
733691,2459960.684,1.75,11,10NoSora
733690,2459961,1.76,12,10NoSora
733689,2459961.316,0.73,13,10NoSora
733688,2459961.632,0.48,14,10NoSora
733687,2459961.947,0.31,15,10NoSora
733686,2459962.263,0.23,16,10NoSora
733685,2459962.579,0.16,17,10NoSora
733684,2459962.895,0.09,18,10NoSora
733683,2459963.211,0.08,19,10NoSora
733682,2459963.526,0.07,20,10NoSora
733681,2459963.842,0.06,21,10NoSora
733680.5,2459964,-0.02,21.5,10NoSora
733680,2459964.158,-0.29,22,10NoSora
733679,2459964.474,-0.27,23,10NoSora
733678,2459964.789,-0.17,24,10NoSora
733677,2459965.105,-0.11,25,10NoSora
733676,2459965.421,0.03,26,10NoSora
733675,2459965.737,0.26,27,10NoSora
733674,2459966.053,0.49,28,10NoSora
733673,2459966.368,0.73,29,10NoSora
733671,2459967,2.07,31,10NoSora
733669,2459967.632,2.06,33,10NoSora
733666,2459968.579,1.67,36,10NoSora
733662,2459969.842,1.67,40,10NoSora
733744.0714,2460051.071,0.47,0,10NoSora
733730.5,2460057.5,0.44,10,10NoSora
733723.7143,2460060.714,0.48,15,10NoSora
733722.3571,2460061.357,1.67,16,10NoSora
733721,2460062,1.69,17,10NoSora
733719.6429,2460062.643,0.72,18,10NoSora
733718.9643,2460062.964,0.5,18.5,10NoSora
733718.2857,2460063.286,0.2,19,10NoSora
733716.9286,2460063.929,0.12,20,10NoSora
733715.5714,2460064.571,0.09,21,10NoSora
733714.2143,2460065.214,0.07,22,10NoSora
733712.8571,2460065.857,0.02,23,10NoSora
733711.5,2460066.5,0.07,24,10NoSora
733710.1429,2460067.143,0.12,25,10NoSora
733708.7857,2460067.786,0,26,10NoSora
733707.4286,2460068.429,-0.01,27,10NoSora
733706.0714,2460069.071,0.18,28,10NoSora
733704.7143,2460069.714,0.23,29,10NoSora
733703.3571,2460070.357,0.72,30,10NoSora
733702,2460071,1.81,31,10NoSora
733699.2857,2460072.286,1.79,33,10NoSora
733696.5714,2460073.571,1.53,35,10NoSora
733691.1429,2460076.143,1.52,39,10NoSora
733780.3077,2460129.231,-0.44,0,10NoSora
733774.1538,2460134.615,-0.42,5,10NoSora
733770.4615,2460137.846,0.07,8,10NoSora
733769.2308,2460138.923,1.65,9,10NoSora
733768,2460140,1.61,10,10NoSora
733766.7692,2460141.077,0.73,11,10NoSora
733765.5385,2460142.154,0.23,12,10NoSora
733764.3077,2460143.231,0.08,13,10NoSora
733763.0769,2460144.308,0.03,14,10NoSora
733761.8462,2460145.385,-0.09,15,10NoSora
733760.6154,2460146.462,-0.21,16,10NoSora
733759.3846,2460147.538,-0.23,17,10NoSora
733758.1538,2460148.615,-0.26,18,10NoSora
733756.9231,2460149.692,-0.15,19,10NoSora
733755.6923,2460150.769,-0.01,20,10NoSora
733754.4615,2460151.846,0.33,21,10NoSora
733753.2308,2460152.923,0.73,22,10NoSora
733752,2460154,1.51,23,10NoSora
733748.3077,2460157.231,1.5,26,10NoSora
733745.8462,2460159.385,1.51,28,10NoSora
733743.3846,2460161.538,1.52,30,10NoSora
733731.0769,2460172.308,1.49,40,10NoSora
733845.1111,2460214.111,1.75,0,10NoSora
733832.8889,2460221.889,1.72,10,10NoSora
733830.4444,2460223.444,1.99,12,10NoSora
733828,2460225,2.02,14,10NoSora
733825.5556,2460226.556,0.73,16,10NoSora
733824.3333,2460227.333,0.42,17,10NoSora
733823.1111,2460228.111,-0.28,18,10NoSora
733821.8889,2460228.889,-0.22,19,10NoSora
733820.6667,2460229.667,0.07,20,10NoSora
733819.4444,2460230.444,0.08,21,10NoSora
733818.2222,2460231.222,0.03,22,10NoSora
733817,2460232,0.03,23,10NoSora
733815.7778,2460232.778,0.03,24,10NoSora
733814.5556,2460233.556,-0.13,25,10NoSora
733813.3333,2460234.333,-0.02,26,10NoSora
733812.1111,2460235.111,0.02,27,10NoSora
733810.8889,2460235.889,0.09,28,10NoSora
733809.6667,2460236.667,0.11,29,10NoSora
733808.4444,2460237.444,0.26,30,10NoSora
733807.2222,2460238.222,0.51,31,10NoSora
733806.6111,2460238.611,0.73,31.5,10NoSora
733806,2460239,1.67,32,10NoSora
733802.3333,2460241.333,1.66,35,10NoSora
733877.8667,2460318.4,1.53,0,10NoSora
733866.5333,2460322.4,1.52,10,10NoSora
733864.2667,2460323.2,1.56,12,10NoSora
733862,2460324,1.57,14,10NoSora
733859.7333,2460324.8,0.73,16,10NoSora
733858.6,2460325.2,0.33,17,10NoSora
733857.4667,2460325.6,-0.23,18,10NoSora
733856.3333,2460326,-0.28,19,10NoSora
733855.2,2460326.4,-0.29,20,10NoSora
733854.0667,2460326.8,-0.44,21,10NoSora
733852.9333,2460327.2,-0.48,22,10NoSora
733851.8,2460327.6,-0.48,23,10NoSora
733850.6667,2460328,-0.52,24,10NoSora
733849.5333,2460328.4,-0.36,25,10NoSora
733848.4,2460328.8,0.09,26,10NoSora
733847.2667,2460329.2,0.73,27,10NoSora
733845,2460330,1.57,29,10NoSora
733842.1667,2460331,1.56,31.5,10NoSora
733840.4667,2460331.6,0.05,33,10NoSora
733837.0667,2460332.8,-0.37,36,10NoSora
733830.2667,2460335.2,-0.57,42,10NoSora
733885.0588,2460436.059,0.24,0,10NoSora
733875.1765,2460434.176,0.2,8,10NoSora
733873.9412,2460433.941,0.83,9,10NoSora
733871.4706,2460433.471,2.26,11,10NoSora
733869,2460433,2.25,13,10NoSora
733866.5294,2460432.529,0.73,15,10NoSora
733865.9118,2460432.412,-0.02,15.5,10NoSora
733865.2941,2460432.294,-0.45,16,10NoSora
733864.0588,2460432.059,-0.3,17,10NoSora
733862.8235,2460431.824,0.03,18,10NoSora
733861.5882,2460431.588,0.03,19,10NoSora
733860.3529,2460431.353,0.07,20,10NoSora
733859.1176,2460431.118,0.07,21,10NoSora
733857.8824,2460430.882,0.03,22,10NoSora
733856.6471,2460430.647,-0.07,23,10NoSora
733855.4118,2460430.412,-0.47,24,10NoSora
733852.9412,2460429.941,-0.48,26,10NoSora
733851.7059,2460429.706,-0.48,27,10NoSora
733850.4706,2460429.471,-0.08,28,10NoSora
733849.2353,2460429.235,0.731,29,10NoSora
733848,2460429,1.88,30,10NoSora
733844.2941,2460428.294,1.9,33,10NoSora
733843.0588,2460428.059,1.56,34,10NoSora
733839.3529,2460427.353,1.55,37,10NoSora
733823.5714,2460530.857,0.18,0,10NoSora
733820,2460528,0.2,5,10NoSora
733817.8571,2460526.286,0.65,8,10NoSora
733816.4286,2460525.143,1.67,10,10NoSora
733815,2460524,1.64,12,10NoSora
733813.5714,2460522.857,0.73,14,10NoSora
733813.2143,2460522.571,0.25,14.5,10NoSora
733812.8571,2460522.286,0.07,15,10NoSora
733812.1429,2460521.714,-0.17,16,10NoSora
733811.4286,2460521.143,-0.04,17,10NoSora
733810.7143,2460520.571,0.08,18,10NoSora
733810,2460520,0.13,19,10NoSora
733809.2857,2460519.429,0.16,20,10NoSora
733808.5714,2460518.857,0.21,21,10NoSora
733807.8571,2460518.286,0.19,22,10NoSora
733807.1429,2460517.714,0.23,23,10NoSora
733806.4286,2460517.143,0.38,24,10NoSora
733805.7143,2460516.571,0.73,25,10NoSora
733805,2460516,1.84,26,10NoSora
733802.8571,2460514.286,1.83,29,10NoSora
733800,2460512,0.67,33,10NoSora
733795,2460508,0.64,40,10NoSora
733734.5714,2460586.429,0.53,0,10NoSora
733733.5,2460584.5,0.73,3,10NoSora
733732.4286,2460582.571,1.13,6,10NoSora
733731.7143,2460581.286,1.79,8,10NoSora
733731,2460580,1.77,10,10NoSora
733730.2857,2460578.714,0.73,12,10NoSora
733729.9286,2460578.071,0.05,13,10NoSora
733729.5714,2460577.429,-0.4,14,10NoSora
733729.2143,2460576.786,-0.5,15,10NoSora
733728.8571,2460576.143,-0.41,16,10NoSora
733728.5,2460575.5,-0.32,17,10NoSora
733728.1429,2460574.857,-0.12,18,10NoSora
733727.7857,2460574.214,0.05,19,10NoSora
733727.4286,2460573.571,0.06,20,10NoSora
733727.0714,2460572.929,0.12,21,10NoSora
733726.7143,2460572.286,0.73,22,10NoSora
733726,2460571,1.95,24,10NoSora
733725.2857,2460569.714,1.97,26,10NoSora
733724.5714,2460568.429,1.17,28,10NoSora
733723.8571,2460567.143,0.22,30,10NoSora
733722.7857,2460565.214,-0.17,33,10NoSora
733722.0714,2460563.929,-0.19,35,10NoSora
733657.2,2460635.8,0.68,0,10NoSora
733648.4,2460628.6,0.71,8,10NoSora
733646.2,2460626.8,1.57,10,10NoSora
733644,2460625,1.58,12,10NoSora
733642.35,2460623.65,0.73,13.5,10NoSora
733641.8,2460623.2,-0.08,14,10NoSora
733640.7,2460622.3,-0.22,15,10NoSora
733639.6,2460621.4,-0.22,16,10NoSora
733638.5,2460620.5,-0.3,17,10NoSora
733637.4,2460619.6,-0.41,18,10NoSora
733636.3,2460618.7,-0.29,19,10NoSora
733635.2,2460617.8,0.19,20,10NoSora
733634.1,2460616.9,0.73,21,10NoSora
733633,2460616,1.7,22,10NoSora
733629.7,2460613.3,1.68,25,10NoSora
733628.6,2460612.4,1.14,26,10NoSora
733624.2,2460608.8,1.11,30,10NoSora
733620.9,2460606.1,1.16,33,10NoSora
733630,2460707,0.33,0,10NoSora
733623.3333,2460707,0.27,5,10NoSora
733616.6667,2460707,0.37,10,10NoSora
733612.6667,2460707,1.48,13,10NoSora
733610,2460707,1.47,15,10NoSora
733608,2460707,0.73,16.5,10NoSora
733607.3333,2460707,0.53,17,10NoSora
733606,2460707,0.33,18,10NoSora
733604.6667,2460707,-0.32,19,10NoSora
733603.3333,2460707,-0.24,20,10NoSora
733602,2460707,-0.26,21,10NoSora
733600.6667,2460707,0.32,22,10NoSora
733599.3333,2460707,0.73,23,10NoSora
733598,2460707,1.96,24,10NoSora
733594.6667,2460707,1.97,26.5,10NoSora
733591.3333,2460707,0.45,29,10NoSora
733588.6667,2460707,0.31,31,10NoSora
733633.7143,2460777.571,1.34,0,10NoSora
733629.8571,2460782.286,1.35,3,10NoSora
733628.5714,2460783.857,1.58,4,10NoSora
733626,2460787,1.55,6,10NoSora
733624.7143,2460788.571,0.73,7,10NoSora
733623.4286,2460790.143,0.1,8,10NoSora
733622.1429,2460791.714,-0.34,9,10NoSora
733620.8571,2460793.286,-0.35,10,10NoSora
733619.5714,2460794.857,0.01,11,10NoSora
733618.2857,2460796.429,0.73,12,10NoSora
733617,2460798,1.65,13,10NoSora
733613.7857,2460801.929,1.66,15.5,10NoSora
733611.8571,2460804.286,0.56,17,10NoSora
733608,2460809,-0.54,20,10NoSora
733601.5714,2460816.857,-0.55,25,10NoSora
733595.1429,2460824.714,-0.57,30,10NoSora
733696,2460816.375,-0.65,0,10NoSora
733696,2460827,-0.55,5,10NoSora
733696,2460833.375,0.14,8,10NoSora
733696,2460837.625,1.52,10,10NoSora
733696,2460844,1.51,13,10NoSora
733696,2460846.125,0.73,14,10NoSora
733696,2460848.25,0.19,15,10NoSora
733696,2460850.375,0.03,16,10NoSora
733696,2460852.5,-0.07,17,10NoSora
733696,2460854.625,-0.34,18,10NoSora
733696,2460856.75,0,19,10NoSora
733696,2460857.813,0.5,19.5,10NoSora
733696,2460858.875,0.73,20,10NoSora
733696,2460861,1.75,21,10NoSora
733696,2460867.375,1.76,24,10NoSora
733696,2460871.625,0.2,26,10NoSora
733696,2460880.125,0.16,30,10NoSora
733696,2460886.5,0.15,33,10NoSora
733791.6667,2460848.833,-0.22,0,10NoSora
733790.6667,2460854.333,-0.17,3,10NoSora
733789.6667,2460859.833,-0.22,6,10NoSora
733789,2460863.5,1.48,8,10NoSora
733788,2460869,164,11,10NoSora
733787.6667,2460870.833,0.73,12,10NoSora
733787.3333,2460872.667,0.13,13,10NoSora
733787,2460874.5,-0.34,14,10NoSora
733786.6667,2460876.333,-0.24,15,10NoSora
733786.3333,2460878.167,0.03,16,10NoSora
733786.1667,2460879.083,0.731,16.5,10NoSora
733786,2460880,0.94,17,10NoSora
733785,2460885.5,1.53,20,10NoSora
733783.3333,2460894.667,1.52,25,10NoSora
733781.6667,2460903.833,1.51,30,10NoSora
733892.7778,2460910.444,-0.37,0,10NoSora
733889.2222,2460917.556,-0.31,8,10NoSora
733888.7778,2460918.444,0.67,9,10NoSora
733888.3333,2460919.333,1.29,10,10NoSora
733887,2460922,1.28,13,10NoSora
733886.5556,2460922.889,0.72,14,10NoSora
733886.1111,2460923.778,0.29,15,10NoSora
733885.6667,2460924.667,-0.24,16,10NoSora
733885.2222,2460925.556,-0.43,17,10NoSora
733884.7778,2460926.444,-0.52,18,10NoSora
733884.3333,2460927.333,-0.3,19,10NoSora
733883.8889,2460928.222,0.09,20,10NoSora
733883.4444,2460929.111,0.72,21,10NoSora
733883,2460930,1.51,22,10NoSora
733881.6667,2460932.667,1.48,25,10NoSora
733880.7778,2460934.444,0.24,27,10NoSora
733879.4444,2460937.111,-0.05,30,10NoSora
733878.1111,2460939.778,-0.15,33,10NoSora
733974.7143,2460964.286,-0.51,0,10NoSora
733967.5714,2460971.429,-0.39,5,10NoSora
733963.2857,2460975.714,0.69,8,10NoSora
733960.4286,2460978.571,1.23,10,10NoSora
733959,2460980,1.22,11,10NoSora
733957.5714,2460981.429,0.72,12,10NoSora
733956.1429,2460982.857,0.23,13,10NoSora
733954.7143,2460984.286,-0.11,14,10NoSora
733953.2857,2460985.714,0.01,15,10NoSora
733951.8571,2460987.143,0.21,16,10NoSora
733950.4286,2460988.571,0.72,17,10NoSora
733949,2460990,1.48,18,10NoSora
733946.1429,2460992.857,1.47,20,10NoSora
733943.2857,2460995.714,1.46,22,10NoSora
733940.4286,2460998.571,1.53,24,10NoSora
733937.5714,2461001.429,1.61,26,10NoSora
733934.7143,2461004.286,1.66,28,10NoSora
733931.8571,2461007.143,1.63,30,10NoSora
734024.0833,2461066.917,-0.32,0,10NoSora
734019.5,2461066.5,-0.29,5,10NoSora
734016.75,2461066.25,-0.19,8,10NoSora
734015.8333,2461066.167,0.3,9,10NoSora
734014.9167,2461066.083,1.06,10,10NoSora
734014,2461066,1.04,11,10NoSora
734013.0833,2461065.917,0.73,12,10NoSora
734012.1667,2461065.833,0.25,13,10NoSora
734011.25,2461065.75,0,14,10NoSora
734010.3333,2461065.667,-0.13,15,10NoSora
734009.4167,2461065.583,-0.2,16,10NoSora
734008.5,2461065.5,-0.13,17,10NoSora
734007.5833,2461065.417,-0.07,18,10NoSora
734006.6667,2461065.333,-0.06,19,10NoSora
734005.75,2461065.25,0,20,10NoSora
734004.8333,2461065.167,0.17,21,10NoSora
734003.9167,2461065.083,0.73,22,10NoSora
734003,2461065,1.33,23,10NoSora
734002.0833,2461064.917,1.34,24,10NoSora
734000.25,2461064.75,0.02,26,10NoSora
733998.4167,2461064.583,-0.14,28,10NoSora
733993.8333,2461064.167,-0.15,33,10NoSora
733991.0833,2461063.917,-0.14,36,10NoSora
733987.4167,2461063.583,-0.14,40,10NoSora
734015.5714,2461168.762,-0.16,0,10NoSora
734009.8571,2461166.143,-0.15,5,10NoSora
734006.4286,2461164.571,0.01,8,10NoSora
734005.2857,2461164.048,1.1,9,10NoSora
734003,2461163,1.09,11,10NoSora
734001.8571,2461162.476,0.73,12,10NoSora
734000.7143,2461161.952,0.01,13,10NoSora
733999.5714,2461161.429,-0.16,14,10NoSora
733998.4286,2461160.905,-0.14,15,10NoSora
733997.2857,2461160.381,-0.01,16,10NoSora
733996.1429,2461159.857,0.01,17,10NoSora
733995,2461159.333,-0.13,18,10NoSora
733993.8571,2461158.81,-0.13,19,10NoSora
733992.7143,2461158.286,-0.14,20,10NoSora
733991.5714,2461157.762,-0.17,21,10NoSora
733990.4286,2461157.238,-0.19,22,10NoSora
733989.2857,2461156.714,-0.27,23,10NoSora
733988.1429,2461156.19,-0.35,24,10NoSora
733987,2461155.667,-0.37,25,10NoSora
733985.8571,2461155.143,-0.27,26,10NoSora
733984.7143,2461154.619,-0.2,27,10NoSora
733983.5714,2461154.095,-0.13,28,10NoSora
733982.4286,2461153.571,-0.04,29,10NoSora
733981.2857,2461153.048,0.23,30,10NoSora
733980.1429,2461152.524,0.73,31,10NoSora
733979,2461152,1.56,32,10NoSora
733976.7143,2461150.952,1.57,34,10NoSora
733974.4286,2461149.905,0.51,36,10NoSora
733972.1429,2461148.857,0.06,38,10NoSora
733969.8571,2461147.81,0.05,40,10NoSora
733967.5714,2461146.762,0.01,42,10NoSora
733906,2461185.333,-0.05,0,10NoSora
733909,2461190.667,-0.04,6,10NoSora
733910,2461192.444,0.27,8,10NoSora
733910.5,2461193.333,1.45,9,10NoSora
733912,2461196,1.46,12,10NoSora
733912.5,2461196.889,0.73,13,10NoSora
733913,2461197.778,0.27,14,10NoSora
733913.5,2461198.667,-0.03,15,10NoSora
733914,2461199.556,-0.14,16,10NoSora
733914.5,2461200.444,-0.3,17,10NoSora
733915,2461201.333,-0.41,18,10NoSora
733915.5,2461202.222,-0.46,19,10NoSora
733916,2461203.111,-0.49,20,10NoSora
733916.5,2461204,-0.48,21,10NoSora
733917,2461204.889,-0.44,22,10NoSora
733917.5,2461205.778,-0.45,23,10NoSora
733918,2461206.667,-0.42,24,10NoSora
733918.5,2461207.556,-0.35,25,10NoSora
733919,2461208.444,-0.15,26,10NoSora
733919.5,2461209.333,0.13,27,10NoSora
733920,2461210.222,0.34,28,10NoSora
733920.5,2461211.111,0.73,29,10NoSora
733921,2461212,1.27,30,10NoSora
733921.5,2461212.889,1.25,31,10NoSora
733922,2461213.778,0.71,32,10NoSora
733923.5,2461216.444,0.33,35,10NoSora
733925,2461219.111,0.27,38,10NoSora
733927,2461222.667,0.25,42,10NoSora
733838.4667,2461279.667,0.76,0,10NoSora
733835.8,2461273,0.75,5,10NoSora
733833.1333,2461266.333,0.76,10,10NoSora
733831.5333,2461262.333,1.49,13,10NoSora
733831,2461261,1.46,14,10NoSora
733830.4667,2461259.667,0.73,15,10NoSora
733829.9333,2461258.333,0.28,16,10NoSora
733829.4,2461257,0.01,17,10NoSora
733828.8667,2461255.667,-0.29,18,10NoSora
733828.3333,2461254.333,-0.31,19,10NoSora
733827.8,2461253,-0.32,20,10NoSora
733827.2667,2461251.667,-0.37,21,10NoSora
733826.7333,2461250.333,-0.43,22,10NoSora
733826.2,2461249,-0.4,23,10NoSora
733825.6667,2461247.667,-0.37,24,10NoSora
733825.1333,2461246.333,-0.44,25,10NoSora
733824.6,2461245,-0.3,26,10NoSora
733824.0667,2461243.667,-0.16,27,10NoSora
733823.5333,2461242.333,-0.73,28,10NoSora
733823,2461241,0.97,29,10NoSora
733822.4667,2461239.667,0.96,30,10NoSora
733820.8667,2461235.667,0,33,10NoSora
733819.2667,2461231.667,-0.17,36,10NoSora
733817.1333,2461226.333,-0.22,40,10NoSora
733791,2461329.5,0.23,0,10NoSora
733791,2461329.5,0.23,0,10NoSora
733784.8889,2461330.333,0.43,5,10NoSora
733781.2222,2461330.833,1.48,8,10NoSora
733780,2461331,1.49,9,10NoSora
733778.7778,2461331.167,0.73,10,10NoSora
733776.3333,2461331.5,0.31,12,10NoSora
733775.1111,2461331.667,-0.07,13,10NoSora
733773.8889,2461331.833,-0.33,14,10NoSora
733772.6667,2461332,-0.42,15,10NoSora
733771.4444,2461332.167,-0.41,16,10NoSora
733770.2222,2461332.333,-0.2,17,10NoSora
733769,2461332.5,-0.28,18,10NoSora
733767.7778,2461332.667,-0.28,19,10NoSora
733766.5556,2461332.833,-0.26,20,10NoSora
733765.3333,2461333,-0.19,21,10NoSora
733764.1111,2461333.167,-0.3,22,10NoSora
733762.8889,2461333.333,-0.23,23,10NoSora
733761.6667,2461333.5,-0.2,24,10NoSora
733760.4444,2461333.667,0.12,25,10NoSora
733759.2222,2461333.833,0.73,26,10NoSora
733758,2461334,1.39,27,10NoSora
733754.3333,2461334.5,1.37,30,10NoSora
733751.8889,2461334.833,1.25,32,10NoSora
733748.2222,2461335.333,1.23,35,10NoSora
733744.5556,2461335.833,1.22,38,10NoSora
733742.1111,2461336.167,1.21,40,10NoSora
733827.7143,2461422,0.15,0,10NoSora
733822.8571,2461422,0.17,5,10NoSora
733819.9429,2461422,0.37,8,10NoSora
733818,2461422,1.19,10,10NoSora
733815.0857,2461422,1.18,13,10NoSora
733814.1143,2461422,0.731,14,10NoSora
733813.6286,2461422,0.24,14.5,10NoSora
733813.1429,2461422,0.18,15,10NoSora
733812.1714,2461422,0.02,16,10NoSora
733811.2,2461422,-0.07,17,10NoSora
733810.2286,2461422,-0.18,18,10NoSora
733809.2571,2461422,-0.19,19,10NoSora
733808.2857,2461422,-0.35,20,10NoSora
733807.3143,2461422,-0.32,21,10NoSora
733806.3429,2461422,-0.26,22,10NoSora
733805.3714,2461422,-0.21,23,10NoSora
733804.4,2461422,-0.17,24,10NoSora
733803.4286,2461422,-0.14,25,10NoSora
733802.4571,2461422,-0.17,26,10NoSora
733801.4857,2461422,-0.18,27,10NoSora
733800.5143,2461422,-0.21,28,10NoSora
733799.5429,2461422,-0.24,29,10NoSora
733798.5714,2461422,-0.24,30,10NoSora
733797.6,2461422,-0.26,31,10NoSora
733796.6286,2461422,-0.28,32,10NoSora
733795.6571,2461422,-0.25,33,10NoSora
733794.6857,2461422,-0.36,34,10NoSora
733793.7143,2461422,-0.3,35,10NoSora
733792.7429,2461422,-0.31,36,10NoSora
733791.7714,2461422,-0.34,37,10NoSora
733790.8,2461422,-0.35,38,10NoSora
733789.8286,2461422,-0.34,39,10NoSora
733788.8571,2461422,-0.32,40,10NoSora
733786.9143,2461422,-0.23,42,10NoSora
733785.9429,2461422,0.28,43,10NoSora
733784.9714,2461422,0.73,44,10NoSora
733784,2461422,1.29,45,10NoSora
733781.0857,2461422,1.31,48,10NoSora
733848.5,2461470.333,1.57,0,10NoSora
733847.5,2461473,1.43,2,10NoSora
733846,2461477,1.42,5,10NoSora
733845.5,2461478.333,0.73,6,10NoSora
733845,2461479.667,0.07,7,10NoSora
733844.5,2461481,-0.12,8,10NoSora
733844,2461482.333,-0.12,9,10NoSora
733843.5,2461483.667,-0.22,10,10NoSora
733843,2461485,-0.3,11,10NoSora
733842.5,2461486.333,-0.33,12,10NoSora
733842,2461487.667,-0.31,13,10NoSora
733841.5,2461489,-0.28,14,10NoSora
733841,2461490.333,-0.25,15,10NoSora
733840.5,2461491.667,-0.23,16,10NoSora
733840,2461493,-0.2,17,10NoSora
733839.5,2461494.333,-0.23,18,10NoSora
733839,2461495.667,-0.28,19,10NoSora
733838.5,2461497,-0.34,20,10NoSora
733838,2461498.333,-0.4,21,10NoSora
733837.5,2461499.667,-0.39,22,10NoSora
733837,2461501,-0.34,23,10NoSora
733836.5,2461502.333,0.27,24,10NoSora
733836,2461503.667,-0.3,25,10NoSora
733835.5,2461505,-0.28,26,10NoSora
733835,2461506.333,0.05,27,10NoSora
733834.5,2461507.667,0.73,28,10NoSora
733834,2461509,2.69,29,10NoSora
733832.5,2461513,1.47,32,10NoSora
733831.5,2461515.667,-0.06,34,10NoSora
733830.5,2461518.333,-0.09,36,10NoSora
733828.5,2461523.667,-0.15,40,10NoSora
733925.7059,2461548.118,1.65,0,10NoSora
733925.0294,2461549.088,1.62,1,10NoSora
733923,2461552,1.62,4,10NoSora
733922.3235,2461552.971,0.73,5,10NoSora
733921.6471,2461553.941,-0.04,6,10NoSora
733920.9706,2461554.912,-0.03,7,10NoSora
733920.2941,2461555.882,-0.14,8,10NoSora
733919.6176,2461556.853,-0.32,9,10NoSora
733918.9412,2461557.824,-0.43,10,10NoSora
733918.2647,2461558.794,-0.36,11,10NoSora
733917.5882,2461559.765,-0.42,12,10NoSora
733916.9118,2461560.735,-0.44,13,10NoSora
733916.2353,2461561.706,-0.37,14,10NoSora
733915.5588,2461562.676,-0.26,15,10NoSora
733914.8824,2461563.647,-0.21,16,10NoSora
733914.2059,2461564.618,-0.17,17,10NoSora
733913.5294,2461565.588,-0.18,18,10NoSora
733912.8529,2461566.559,-0.14,19,10NoSora
733912.1765,2461567.529,-0.17,20,10NoSora
733911.5,2461568.5,-0.19,21,10NoSora
733910.8235,2461569.471,-0.17,22,10NoSora
733910.1471,2461570.441,-0.3,23,10NoSora
733909.4706,2461571.412,-0.17,24,10NoSora
733908.7941,2461572.382,-0.14,25,10NoSora
733908.1176,2461573.353,-0.13,26,10NoSora
733907.4412,2461574.324,-0.12,27,10NoSora
733906.7647,2461575.294,-0.13,28,10NoSora
733906.0882,2461576.265,-0.03,29,10NoSora
733905.4118,2461577.235,-0.02,30,10NoSora
733904.7353,2461578.206,0.05,31,10NoSora
733904.0588,2461579.176,0.07,32,10NoSora
733903.3824,2461580.147,0.11,33,10NoSora
733902.7059,2461581.118,0.22,34,10NoSora
733902.0294,2461582.088,0.25,35,10NoSora
733901.3529,2461583.059,0.26,36,10NoSora
733900.6765,2461584.029,0.73,37,10NoSora
733900,2461585,1.29,38,10NoSora
733897.9706,2461587.912,1.28,41,10NoSora
733897.2941,2461588.882,0.69,42,10NoSora
733895.2647,2461591.794,0.62,45,10NoSora
733893.2353,2461594.706,0.64,48,10NoSora
734002.4595,2461582.919,1.33,0,10NoSora
734000.4324,2461588.865,1.37,5,10NoSora
733999.2162,2461592.432,1.71,8,10NoSora
733998,2461596,1.73,11,10NoSora
733997.1892,2461598.378,0.731,13,10NoSora
733996.7838,2461599.568,0.38,14,10NoSora
733996.3784,2461600.757,0.26,15,10NoSora
733995.973,2461601.946,0.08,16,10NoSora
733995.5676,2461603.135,0.06,17,10NoSora
733995.1622,2461604.324,0.03,18,10NoSora
733994.7568,2461605.514,0.03,19,10NoSora
733994.3514,2461606.703,0.03,20,10NoSora
733993.9459,2461607.892,0.05,21,10NoSora
733993.5405,2461609.081,0.03,22,10NoSora
733993.1351,2461610.27,0.01,23,10NoSora
733992.7297,2461611.459,0.01,24,10NoSora
733992.3243,2461612.649,0.1,25,10NoSora
733991.9189,2461613.838,0.31,26,10NoSora
733991.5135,2461615.027,0.18,27,10NoSora
733991.1081,2461616.216,0.06,28,10NoSora
733990.7027,2461617.405,-0.02,29,10NoSora
733990.2973,2461618.595,-0.04,30,10NoSora
733989.8919,2461619.784,-0.08,31,10NoSora
733989.4865,2461620.973,-0.07,32,10NoSora
733989.0811,2461622.162,-0.07,33,10NoSora
733988.6757,2461623.351,-0.07,34,10NoSora
733988.2703,2461624.541,-0.07,35,10NoSora
733987.8649,2461625.73,-0.13,36,10NoSora
733987.4595,2461626.919,-0.17,37,10NoSora
733987.0541,2461628.108,-0.23,38,10NoSora
733986.6486,2461629.297,-0.19,39,10NoSora
733986.2432,2461630.486,-0.16,40,10NoSora
733985.8378,2461631.676,-0.15,41,10NoSora
733985.4324,2461632.865,-0.1,42,10NoSora
733985.027,2461634.054,-0.03,43,10NoSora
733984.6216,2461635.243,0.09,44,10NoSora
733984.2162,2461636.432,0.27,45,10NoSora
733983.8108,2461637.622,0.56,46,10NoSora
733983.4054,2461638.811,0.73,47,10NoSora
733983,2461640,1.45,48,10NoSora
733981.7838,2461643.568,1.45,51,10NoSora
733980.973,2461645.946,1.35,53,10NoSora
733978.1351,2461654.27,1.29,60,10NoSora
733977.7297,2461655.459,1.26,61,10NoSora
734080,2461622.25,1.35,0,10NoSora
734078.3333,2461627.667,1.33,5,10NoSora
734078,2461628.75,1.69,6,10NoSora
734077,2461632,1.69,9,10NoSora
734076.3333,2461634.167,0.73,11,10NoSora
734076,2461635.25,0.13,12,10NoSora
734075.6667,2461636.333,0.29,13,10NoSora
734075.3333,2461637.417,0.13,14,10NoSora
734075,2461638.5,-0.02,15,10NoSora
734074.6667,2461639.583,-0.09,16,10NoSora
734074.3333,2461640.667,-0.13,17,10NoSora
734074,2461641.75,-0.14,18,10NoSora
734073.6667,2461642.833,-0.12,19,10NoSora
734073.3333,2461643.917,-0.11,20,10NoSora
734073,2461645,-0.06,21,10NoSora
734072.6667,2461646.083,-0.03,22,10NoSora
734072.3333,2461647.167,-0.04,23,10NoSora
734072,2461648.25,0.06,24,10NoSora
734071.6667,2461649.333,-0.02,25,10NoSora
734071.3333,2461650.417,-0.07,26,10NoSora
734071,2461651.5,-0.1,27,10NoSora
734070.6667,2461652.583,-0.23,28,10NoSora
734070.3333,2461653.667,-0.17,29,10NoSora
734070,2461654.75,-0.1,30,10NoSora
734069.6667,2461655.833,0.09,31,10NoSora
734069.3333,2461656.917,0.73,32,10NoSora
734069,2461658,0.97,33,10NoSora
734068,2461661.25,1.03,36,10NoSora
734067.3333,2461663.417,-0.07,38,10NoSora
734066.6667,2461665.583,-0.14,40,10NoSora
734065,2461671,-0.2,45,10NoSora
734146.5,2461750,-0.22,0,10NoSora
734141.2727,2461750.909,-0.1,5,10NoSora
734138.1364,2461751.455,1,8,10NoSora
734135,2461752,0.97,11,10NoSora
734133.9545,2461752.182,0.73,12,10NoSora
734132.9091,2461752.364,0.1,13,10NoSora
734131.8636,2461752.545,-0.17,14,10NoSora
734130.8182,2461752.727,-0.31,15,10NoSora
734129.7727,2461752.909,-0.42,16,10NoSora
734128.7273,2461753.091,-0.5,17,10NoSora
734127.6818,2461753.273,-0.51,18,10NoSora
734126.6364,2461753.455,-0.49,19,10NoSora
734125.5909,2461753.636,-0.44,20,10NoSora
734124.5455,2461753.818,-0.27,21,10NoSora
734123.5,2461754,-0.13,22,10NoSora
734122.4545,2461754.182,0.06,23,10NoSora
734121.4091,2461754.364,0.06,24,10NoSora
734120.3636,2461754.545,0.06,25,10NoSora
734119.3182,2461754.727,0,26,10NoSora
734118.2727,2461754.909,0.02,27,10NoSora
734117.2273,2461755.091,0.13,28,10NoSora
734116.1818,2461755.273,0.33,29,10NoSora
734115.1364,2461755.455,0.732,30,10NoSora
734114.0909,2461755.636,1.44,31,10NoSora
734112,2461756,1.45,33,10NoSora
734108.8636,2461756.545,-0.09,36,10NoSora
734104.6818,2461757.273,-0.12,40,10NoSora
734137,2461860.571,0.45,0,10NoSora
734137,2461860.714,0.47,3,10NoSora
734137,2461860.857,1.47,6,10NoSora
734137,2461861,1.45,9,10NoSora
734137,2461861.048,0.73,10,10NoSora
734137,2461861.095,0.21,11,10NoSora
734137,2461861.143,-0.43,12,10NoSora
734137,2461861.19,-0.43,13,10NoSora
734137,2461861.238,-0.17,14,10NoSora
734137,2461861.286,-0.19,15,10NoSora
734137,2461861.333,-0.34,16,10NoSora
734137,2461861.381,-0.36,17,10NoSora
734137,2461861.429,-0.27,18,10NoSora
734137,2461861.476,0.08,19,10NoSora
734137,2461861.524,0.12,20,10NoSora
734137,2461861.571,0.2,21,10NoSora
734137,2461861.619,-0.15,22,10NoSora
734137,2461861.667,-0.27,23,10NoSora
734137,2461861.714,-0.26,24,10NoSora
734137,2461861.762,-0.32,25,10NoSora
734137,2461861.81,-0.23,26,10NoSora
734137,2461861.857,0.02,27,10NoSora
734137,2461861.905,0.28,28,10NoSora
734137,2461861.952,0.73,29,10NoSora
734137,2461862,1.6,30,10NoSora
734137,2461862.143,1.6,33,10NoSora
734137,2461862.286,1.77,36,10NoSora
734137,2461862.381,1.77,38,10NoSora
734205.9286,2461933.214,1.42,0,10NoSora
734204,2461936,1.41,3,10NoSora
734202.7143,2461937.857,0.73,5,10NoSora
734202.0714,2461938.786,-0.04,6,10NoSora
734201.4286,2461939.714,-0.62,7,10NoSora
734200.7857,2461940.643,-0.88,8,10NoSora
734200.1429,2461941.571,-0.77,9,10NoSora
734199.5,2461942.5,-0.8,10,10NoSora
734198.8571,2461943.429,-1.02,11,10NoSora
734198.2143,2461944.357,-1.1,12,10NoSora
734197.5714,2461945.286,-0.89,13,10NoSora
734196.9286,2461946.214,-1.07,14,10NoSora
734196.2857,2461947.143,-0.8,15,10NoSora
734195.6429,2461948.071,-0.33,16,10NoSora
734195,2461949,-0.1,17,10NoSora
734194.6786,2461949.464,1.16,17.5,10NoSora
734194.3571,2461949.929,1.17,18,10NoSora
734194.0357,2461950.393,0.73,18.5,10NoSora
734193.7143,2461950.857,0.12,19,10NoSora
734193.0714,2461951.786,-0.02,20,10NoSora
734192.4286,2461952.714,-0.19,21,10NoSora
734191.7857,2461953.643,-0.21,22,10NoSora
734191.1429,2461954.571,-0.27,23,10NoSora
734190.5,2461955.5,-0.2,24,10NoSora
734189.8571,2461956.429,-0.17,25,10NoSora
734189.2143,2461957.357,-0.09,26,10NoSora
734188.5714,2461958.286,0.07,27,10NoSora
734187.9286,2461959.214,0.2,28,10NoSora
734187.2857,2461960.143,0.41,29,10NoSora
734186.6429,2461961.071,0.73,30,10NoSora
734186,2461962,1.56,31,10NoSora
734184.7143,2461963.857,1.55,33,10NoSora
734182.7857,2461966.643,0.08,36,10NoSora
734181.5,2461968.5,-0.12,38,10NoSora
734178.9286,2461972.214,-0.27,42,10NoSora
734259.25,2461942.5,0.4,0,10NoSora
734261.25,2461954.5,0.45,8,10NoSora
734261.5,2461956,1.45,9,10NoSora
734262,2461959,1.44,11,10NoSora
734262.25,2461960.5,0.731,12,10NoSora
734262.5,2461962,0.42,13,10NoSora
734262.75,2461963.5,0.21,14,10NoSora
734263,2461965,0.11,15,10NoSora
734263.25,2461966.5,0.05,16,10NoSora
734263.5,2461968,0.03,17,10NoSora
734263.75,2461969.5,0.02,18,10NoSora
734264,2461971,-0.03,19,10NoSora
734264.25,2461972.5,0.26,20,10NoSora
734264.5,2461974,0.73,21,10NoSora
734265,2461977,1.64,23,10NoSora
734265.5,2461980,1.76,25,10NoSora
734364.7037,2461968.815,0.23,0,10NoSora
734363.5185,2461980.074,0.24,8,10NoSora
734363.3704,2461981.481,1.26,9,10NoSora
734363,2461985,1.23,11.5,10NoSora
734362.9259,2461985.704,0.73,12,10NoSora
734362.6296,2461988.519,0.34,14,10NoSora
734362.4815,2461989.926,0.21,15,10NoSora
734362.3333,2461991.333,0.13,16,10NoSora
734362.1852,2461992.741,0.07,17,10NoSora
734361.8889,2461995.556,0.07,19,10NoSora
734361.5926,2461998.37,0.09,21,10NoSora
734361.2963,2462001.185,0.09,23,10NoSora
734361.1481,2462002.593,0.73,24,10NoSora
734361,2462004,1.67,25,10NoSora
734360.7037,2462006.815,1.66,27,10NoSora
734360.2593,2462011.037,0.08,30,10NoSora
734359.8148,2462015.259,-0.46,33,10NoSora
734359.3704,2462019.481,-0.45,36,10NoSora
734359.0741,2462022.296,-0.61,38,10NoSora
